timestamp,branch,login_status,transaction_volume
2025-09-01 09:00:00,Branch H,Success,362
2025-09-01 09:01:00,Branch D,Failed,0
2025-09-01 09:02:00,Branch D,Failed,0
2025-09-01 09:03:00,Branch D,Success,279
2025-09-01 09:04:00,Branch A,Success,367
2025-09-01 09:05:00,Branch H,Failed,0
2025-09-01 09:06:00,Branch C,Success,274
2025-09-01 09:07:00,Branch G,Failed,0
2025-09-01 09:08:00,Branch E,Failed,0
2025-09-01 09:09:00,Branch H,Success,400
2025-09-01 09:00:00,Branch D,Success,147
2025-09-01 09:01:00,Branch B,Success,225
2025-09-01 09:02:00,Branch J,Failed,0
2025-09-01 09:03:00,Branch H,Success,445
2025-09-01 09:04:00,Branch G,Success,189
2025-09-01 09:05:00,Branch A,Failed,0
2025-09-01 09:06:00,Branch E,Success,228
2025-09-01 09:07:00,Branch A,Success,140
2025-09-01 09:08:00,Branch D,Success,116
2025-09-01 09:09:00,Branch B,Success,253
2025-09-01 09:00:00,Branch G,Success,416
2025-09-01 09:01:00,Branch B,Success,214
2025-09-01 09:02:00,Branch G,Success,145
2025-09-01 09:03:00,Branch E,Failed,0
2025-09-01 09:04:00,Branch A,Success,201
2025-09-01 09:05:00,Branch B,Failed,0
2025-09-01 09:06:00,Branch I,Success,362
2025-09-01 09:07:00,Branch I,Success,326
2025-09-01 09:08:00,Branch F,Failed,0
2025-09-01 09:09:00,Branch J,Success,201
2025-09-01 09:00:00,Branch B,Failed,0
2025-09-01 09:01:00,Branch H,Success,381
2025-09-01 09:02:00,Branch C,Failed,0
2025-09-01 09:03:00,Branch A,Success,415
2025-09-01 09:04:00,Branch D,Success,355
2025-09-01 09:05:00,Branch G,Success,324
2025-09-01 09:06:00,Branch F,Failed,0
2025-09-01 09:07:00,Branch E,Failed,0
2025-09-01 09:08:00,Branch I,Failed,0
2025-09-01 09:09:00,Branch E,Success,332
2025-09-01 09:00:00,Branch I,Success,126
2025-09-01 09:01:00,Branch F,Success,321
2025-09-01 09:02:00,Branch G,Success,308
2025-09-01 09:03:00,Branch D,Failed,0
2025-09-01 09:04:00,Branch F,Success,361
2025-09-01 09:05:00,Branch J,Success,186
2025-09-01 09:06:00,Branch G,Success,421
2025-09-01 09:07:00,Branch I,Failed,0
2025-09-01 09:08:00,Branch E,Success,187
2025-09-01 09:09:00,Branch G,Failed,0
2025-09-01 09:00:00,Branch E,Failed,0
2025-09-01 09:01:00,Branch D,Success,142
2025-09-01 09:02:00,Branch F,Failed,0
2025-09-01 09:03:00,Branch J,Failed,0
2025-09-01 09:04:00,Branch D,Success,330
2025-09-01 09:05:00,Branch A,Success,197
2025-09-01 09:06:00,Branch H,Success,361
2025-09-01 09:07:00,Branch F,Success,178
2025-09-01 09:08:00,Branch J,Failed,0
2025-09-01 09:09:00,Branch F,Failed,0
2025-09-01 09:00:00,Branch I,Failed,0
2025-09-01 09:01:00,Branch C,Failed,0
2025-09-01 09:02:00,Branch H,Success,113
2025-09-01 09:03:00,Branch I,Success,359
2025-09-01 09:04:00,Branch I,Success,265
2025-09-01 09:05:00,Branch H,Success,416
2025-09-01 09:06:00,Branch B,Failed,0
2025-09-01 09:07:00,Branch C,Failed,0
2025-09-01 09:08:00,Branch B,Failed,0
2025-09-01 09:09:00,Branch I,Failed,0
2025-09-01 09:00:00,Branch G,Failed,0
2025-09-01 09:01:00,Branch E,Failed,0
2025-09-01 09:02:00,Branch J,Failed,0
2025-09-01 09:03:00,Branch A,Failed,0
2025-09-01 09:04:00,Branch G,Success,271
2025-09-01 09:05:00,Branch D,Success,259
2025-09-01 09:06:00,Branch F,Success,324
2025-09-01 09:07:00,Branch F,Failed,0
2025-09-01 09:08:00,Branch I,Failed,0
2025-09-01 09:09:00,Branch J,Failed,0
2025-09-01 09:00:00,Branch I,Success,417
2025-09-01 09:01:00,Branch F,Success,493
2025-09-01 09:02:00,Branch E,Success,474
2025-09-01 09:03:00,Branch J,Success,369
2025-09-01 09:04:00,Branch B,Success,492
2025-09-01 09:05:00,Branch A,Success,215
2025-09-01 09:06:00,Branch B,Success,373
2025-09-01 09:07:00,Branch D,Failed,0
2025-09-01 09:08:00,Branch B,Success,449
2025-09-01 09:09:00,Branch D,Success,412
2025-09-01 09:00:00,Branch B,Failed,0
2025-09-01 09:01:00,Branch D,Success,251
2025-09-01 09:02:00,Branch A,Failed,0
2025-09-01 09:03:00,Branch E,Failed,0
2025-09-01 09:04:00,Branch C,Success,125
2025-09-01 09:05:00,Branch G,Success,232
2025-09-01 09:06:00,Branch F,Failed,0
2025-09-01 09:07:00,Branch B,Failed,0
2025-09-01 09:08:00,Branch B,Success,410
2025-09-01 09:09:00,Branch F,Failed,0
