timestamp,branch,transaction_volume,transaction_amount,login_status,fraud_alert,system_cpu
2025-09-01 09:00:00,Branch B,1,80,Success,No,53.6
2025-09-01 09:01:00,Branch I,1,413,Success,No,61.7
2025-09-01 09:02:00,Branch A,1,193,Success,No,58.6
2025-09-01 09:03:00,Branch J,1,11,Success,No,63.4
2025-09-01 09:04:00,Branch E,1,685,Success,No,71.7
2025-09-01 09:05:00,Branch J,1,21,Success,No,75.1
2025-09-01 09:06:00,Branch G,1,85,Success,No,74.6
2025-09-01 09:07:00,Branch J,1,460,Success,No,77.8
2025-09-01 09:08:00,Branch D,0,0,Failed,No,70.4
2025-09-01 09:09:00,Branch F,1,100,Success,No,79.1
2025-09-01 09:10:00,Branch B,1,53,Success,No,72.4
2025-09-01 09:11:00,Branch E,0,0,Failed,No,74.6
2025-09-01 09:12:00,Branch F,1,24,Success,Yes,71.3
2025-09-01 09:13:00,Branch E,1,155,Success,No,77.2
2025-09-01 09:14:00,Branch G,0,0,Failed,No,69.2
2025-09-01 09:15:00,Branch C,1,153,Success,No,73.9
2025-09-01 09:16:00,Branch J,1,66,Success,No,74.8
2025-09-01 09:17:00,Branch A,0,0,Failed,No,69.2
2025-09-01 09:18:00,Branch G,1,108,Success,No,74.7
2025-09-01 09:19:00,Branch I,0,0,Failed,Yes,77.2
2025-09-01 09:20:00,Branch I,1,174,Success,No,67.5
2025-09-01 09:21:00,Branch A,0,0,Failed,No,68.3
2025-09-01 09:22:00,Branch I,1,139,Success,No,67.9
2025-09-01 09:23:00,Branch I,1,49,Success,No,77.3
2025-09-01 09:24:00,Branch I,0,0,Failed,No,68.6
2025-09-01 09:25:00,Branch B,0,0,Failed,No,72.8
2025-09-01 09:26:00,Branch E,1,71,Success,No,59.5
2025-09-01 09:27:00,Branch H,1,146,Success,No,64.2
2025-09-01 09:28:00,Branch I,1,145,Success,No,58.5
2025-09-01 09:29:00,Branch I,1,186,Success,No,69.5
2025-09-01 09:30:00,Branch F,1,142,Success,No,53.0
2025-09-01 09:31:00,Branch A,1,68,Success,Yes,61.8
2025-09-01 09:32:00,Branch A,1,18,Success,No,52.7
2025-09-01 09:33:00,Branch H,1,43,Success,No,56.6
2025-09-01 09:34:00,Branch D,1,114,Success,No,52.8
2025-09-01 09:35:00,Branch G,1,496,Success,No,56.2
2025-09-01 09:36:00,Branch B,1,58,Success,No,46.1
2025-09-01 09:37:00,Branch H,1,29,Success,No,50.8
2025-09-01 09:38:00,Branch A,1,148,Success,No,55.7
2025-09-01 09:39:00,Branch D,1,134,Success,No,54.3
2025-09-01 09:40:00,Branch C,1,109,Success,No,46.3
2025-09-01 09:41:00,Branch G,1,197,Success,No,49.8
2025-09-01 09:42:00,Branch C,1,65,Success,No,46.4
2025-09-01 09:43:00,Branch F,1,159,Success,No,45.8
2025-09-01 09:44:00,Branch A,0,0,Failed,No,40.1
2025-09-01 09:45:00,Branch J,1,70,Success,No,46.1
2025-09-01 09:46:00,Branch J,1,965,Success,No,42.1
2025-09-01 09:47:00,Branch E,1,193,Success,No,39.4
2025-09-01 09:48:00,Branch E,1,804,Success,No,38.9
2025-09-01 09:49:00,Branch D,1,43,Success,No,52.4
2025-09-01 09:50:00,Branch F,1,122,Success,No,48.8
2025-09-01 09:51:00,Branch I,1,151,Success,No,54.9
2025-09-01 09:52:00,Branch C,1,37,Success,No,45.4
2025-09-01 09:53:00,Branch D,1,62,Success,No,50.0
2025-09-01 09:54:00,Branch E,0,0,Failed,No,44.7
2025-09-01 09:55:00,Branch G,1,354,Success,No,48.7
2025-09-01 09:56:00,Branch H,1,119,Success,No,61.0
2025-09-01 09:57:00,Branch C,1,104,Success,No,49.4
2025-09-01 09:58:00,Branch E,1,20,Success,No,52.9
2025-09-01 09:59:00,Branch B,1,153,Success,No,60.4
2025-09-01 10:00:00,Branch C,0,0,Failed,No,54.6
2025-09-01 10:01:00,Branch C,0,0,Failed,Yes,65.4
2025-09-01 10:02:00,Branch F,1,115,Success,No,68.1
2025-09-01 10:03:00,Branch E,1,428,Success,No,60.2
2025-09-01 10:04:00,Branch H,1,68,Success,No,64.5
2025-09-01 10:05:00,Branch E,0,0,Failed,No,64.0
2025-09-01 10:06:00,Branch I,1,147,Success,Yes,74.8
2025-09-01 10:07:00,Branch E,1,721,Success,No,74.6
2025-09-01 10:08:00,Branch G,1,930,Success,Yes,63.9
2025-09-01 10:09:00,Branch G,1,147,Success,No,75.9
2025-09-01 10:10:00,Branch D,1,27,Success,No,75.0
2025-09-01 10:11:00,Branch B,1,86,Success,No,70.9
2025-09-01 10:12:00,Branch E,1,59,Success,No,77.1
2025-09-01 10:13:00,Branch C,1,87,Success,No,71.5
2025-09-01 10:14:00,Branch D,1,158,Success,No,74.0
2025-09-01 10:15:00,Branch D,1,198,Success,No,75.2
2025-09-01 10:16:00,Branch J,1,70,Success,No,70.1
2025-09-01 10:17:00,Branch A,1,131,Success,No,74.0
2025-09-01 10:18:00,Branch J,1,188,Success,No,68.6
2025-09-01 10:19:00,Branch A,0,0,Failed,No,79.9
2025-09-01 10:20:00,Branch G,1,188,Success,Yes,69.0
2025-09-01 10:21:00,Branch B,1,128,Success,No,73.7
2025-09-01 10:22:00,Branch H,1,194,Success,No,77.7
2025-09-01 10:23:00,Branch H,0,0,Failed,No,69.6
2025-09-01 10:24:00,Branch E,1,173,Success,No,68.6
2025-09-01 10:25:00,Branch D,1,29,Success,No,64.9
2025-09-01 10:26:00,Branch I,1,48,Success,No,69.4
2025-09-01 10:27:00,Branch B,1,94,Success,No,59.9
2025-09-01 10:28:00,Branch G,1,159,Success,Yes,69.2
2025-09-01 10:29:00,Branch J,1,11,Success,No,59.8
2025-09-01 10:30:00,Branch G,1,198,Success,No,55.5
2025-09-01 10:31:00,Branch D,1,678,Success,No,63.2
2025-09-01 10:32:00,Branch C,1,42,Success,No,63.4
2025-09-01 10:33:00,Branch J,1,654,Success,No,54.8
2025-09-01 10:34:00,Branch A,1,93,Success,No,58.1
2025-09-01 10:35:00,Branch G,1,117,Success,No,44.8
2025-09-01 10:36:00,Branch I,1,99,Success,No,58.5
2025-09-01 10:37:00,Branch A,1,73,Success,Yes,44.4
2025-09-01 10:38:00,Branch C,1,39,Success,No,52.0
2025-09-01 10:39:00,Branch F,1,165,Success,No,52.3
2025-09-01 10:40:00,Branch C,0,0,Failed,No,39.4
2025-09-01 10:41:00,Branch E,1,106,Success,No,39.5
2025-09-01 10:42:00,Branch D,1,87,Success,No,39.7
2025-09-01 10:43:00,Branch J,1,98,Success,No,38.4
2025-09-01 10:44:00,Branch F,1,117,Success,No,52.5
2025-09-01 10:45:00,Branch H,1,121,Success,No,47.4
2025-09-01 10:46:00,Branch J,1,147,Success,No,50.3
2025-09-01 10:47:00,Branch J,1,72,Success,No,51.4
2025-09-01 10:48:00,Branch D,1,155,Success,No,38.2
2025-09-01 10:49:00,Branch F,1,64,Success,No,42.8
2025-09-01 10:50:00,Branch J,1,80,Success,No,42.1
2025-09-01 10:51:00,Branch D,1,135,Success,No,47.5
2025-09-01 10:52:00,Branch H,1,440,Success,No,44.7
2025-09-01 10:53:00,Branch J,1,151,Success,No,53.9
2025-09-01 10:54:00,Branch F,1,126,Success,No,45.1
2025-09-01 10:55:00,Branch D,1,200,Success,No,47.5
2025-09-01 10:56:00,Branch D,1,80,Success,No,54.3
2025-09-01 10:57:00,Branch E,0,0,Failed,No,52.1
2025-09-01 10:58:00,Branch F,1,13,Success,No,49.6
2025-09-01 10:59:00,Branch A,1,188,Success,No,62.5
2025-09-01 11:00:00,Branch B,0,0,Failed,No,59.5
2025-09-01 11:01:00,Branch H,1,23,Success,No,55.4
2025-09-01 11:02:00,Branch B,1,28,Success,No,57.5
2025-09-01 11:03:00,Branch J,0,0,Failed,No,60.6
2025-09-01 11:04:00,Branch I,1,165,Success,No,70.5
2025-09-01 11:05:00,Branch G,1,123,Success,No,66.4
2025-09-01 11:06:00,Branch J,1,166,Success,No,73.0
2025-09-01 11:07:00,Branch D,1,30,Success,No,63.2
2025-09-01 11:08:00,Branch A,1,186,Success,No,66.9
2025-09-01 11:09:00,Branch E,1,565,Success,No,76.7
2025-09-01 11:10:00,Branch J,1,60,Success,No,75.4
2025-09-01 11:11:00,Branch E,1,542,Success,No,78.9
2025-09-01 11:12:00,Branch E,1,129,Success,No,81.3
2025-09-01 11:13:00,Branch I,1,362,Success,No,78.4
2025-09-01 11:14:00,Branch J,1,33,Success,No,80.7
2025-09-01 11:15:00,Branch J,0,0,Failed,No,77.8
2025-09-01 11:16:00,Branch E,1,54,Success,No,81.6
2025-09-01 11:17:00,Branch C,0,0,Failed,No,79.7
2025-09-01 11:18:00,Branch B,1,114,Success,No,80.0
2025-09-01 11:19:00,Branch F,1,136,Success,No,78.7
2025-09-01 11:20:00,Branch I,1,32,Success,No,80.5
2025-09-01 11:21:00,Branch G,0,0,Failed,No,64.2
2025-09-01 11:22:00,Branch I,1,23,Success,No,75.3
2025-09-01 11:23:00,Branch H,1,62,Success,No,66.6
2025-09-01 11:24:00,Branch H,1,171,Success,No,63.4
2025-09-01 11:25:00,Branch I,1,430,Success,No,61.4
2025-09-01 11:26:00,Branch C,1,193,Success,No,64.7
2025-09-01 11:27:00,Branch H,0,0,Failed,No,65.5
2025-09-01 11:28:00,Branch G,1,163,Success,No,68.9
2025-09-01 11:29:00,Branch E,1,116,Success,No,57.8
2025-09-01 11:30:00,Branch A,1,86,Success,No,62.6
2025-09-01 11:31:00,Branch C,1,133,Success,No,59.1
2025-09-01 11:32:00,Branch H,0,0,Failed,No,64.6
2025-09-01 11:33:00,Branch D,1,69,Success,No,52.5
2025-09-01 11:34:00,Branch H,1,107,Success,No,59.0
2025-09-01 11:35:00,Branch C,1,558,Success,No,58.5
2025-09-01 11:36:00,Branch H,1,473,Success,No,53.7
2025-09-01 11:37:00,Branch C,1,77,Success,No,52.4
2025-09-01 11:38:00,Branch F,0,0,Failed,No,46.9
2025-09-01 11:39:00,Branch F,1,134,Success,Yes,41.0
2025-09-01 11:40:00,Branch E,0,0,Failed,No,46.0
2025-09-01 11:41:00,Branch B,1,190,Success,No,49.4
2025-09-01 11:42:00,Branch A,1,24,Success,No,40.1
2025-09-01 11:43:00,Branch I,1,184,Success,No,38.6
2025-09-01 11:44:00,Branch G,1,71,Success,No,40.8
2025-09-01 11:45:00,Branch E,1,856,Success,No,47.8
2025-09-01 11:46:00,Branch C,1,98,Success,No,52.5
2025-09-01 11:47:00,Branch E,1,87,Success,No,45.1
2025-09-01 11:48:00,Branch D,1,101,Success,No,42.5
2025-09-01 11:49:00,Branch G,1,154,Success,No,53.9
2025-09-01 11:50:00,Branch J,1,83,Success,No,51.8
2025-09-01 11:51:00,Branch D,1,168,Success,No,52.1
2025-09-01 11:52:00,Branch C,1,170,Success,No,47.9
2025-09-01 11:53:00,Branch J,1,545,Success,No,48.6
2025-09-01 11:54:00,Branch D,1,148,Success,No,51.2
2025-09-01 11:55:00,Branch E,1,75,Success,No,60.0
2025-09-01 11:56:00,Branch E,1,96,Success,No,47.1
2025-09-01 11:57:00,Branch D,0,0,Failed,No,63.0
2025-09-01 11:58:00,Branch I,1,860,Success,Yes,54.8
2025-09-01 11:59:00,Branch E,1,173,Success,No,54.2
2025-09-01 12:00:00,Branch A,1,153,Success,No,62.4
2025-09-01 12:01:00,Branch H,0,0,Failed,No,60.1
2025-09-01 12:02:00,Branch C,1,19,Success,No,56.7
2025-09-01 12:03:00,Branch I,1,126,Success,No,67.8
2025-09-01 12:04:00,Branch I,1,200,Success,No,68.6
2025-09-01 12:05:00,Branch H,1,660,Success,No,66.6
2025-09-01 12:06:00,Branch D,0,0,Failed,No,71.8
2025-09-01 12:07:00,Branch I,0,0,Failed,No,63.0
2025-09-01 12:08:00,Branch E,1,41,Success,No,64.6
2025-09-01 12:09:00,Branch D,1,162,Success,Yes,69.5
2025-09-01 12:10:00,Branch C,1,829,Success,Yes,68.4
2025-09-01 12:11:00,Branch D,1,47,Success,No,70.1
2025-09-01 12:12:00,Branch C,0,0,Failed,No,79.0
2025-09-01 12:13:00,Branch B,1,582,Success,No,70.5
2025-09-01 12:14:00,Branch F,1,708,Success,No,78.8
2025-09-01 12:15:00,Branch H,1,102,Success,No,75.1
2025-09-01 12:16:00,Branch J,1,178,Success,No,82.3
2025-09-01 12:17:00,Branch A,0,0,Failed,No,73.5
2025-09-01 12:18:00,Branch B,1,405,Success,No,68.6
2025-09-01 12:19:00,Branch C,1,172,Success,No,71.8
2025-09-01 12:20:00,Branch J,1,126,Success,No,77.7
2025-09-01 12:21:00,Branch B,0,0,Failed,No,76.4
2025-09-01 12:22:00,Branch D,1,68,Success,No,69.5
2025-09-01 12:23:00,Branch B,1,90,Success,No,64.5
2025-09-01 12:24:00,Branch H,1,329,Success,No,66.8
2025-09-01 12:25:00,Branch C,1,160,Success,No,70.2
2025-09-01 12:26:00,Branch G,1,180,Success,No,72.8
2025-09-01 12:27:00,Branch A,0,0,Failed,No,62.3
2025-09-01 12:28:00,Branch J,1,49,Success,No,56.9
2025-09-01 12:29:00,Branch I,1,81,Success,No,67.1
2025-09-01 12:30:00,Branch J,1,174,Success,No,62.5
2025-09-01 12:31:00,Branch E,1,79,Success,No,55.9
2025-09-01 12:32:00,Branch A,1,46,Success,No,51.2
2025-09-01 12:33:00,Branch A,1,145,Success,No,52.8
2025-09-01 12:34:00,Branch F,1,93,Success,No,47.3
2025-09-01 12:35:00,Branch A,1,451,Success,No,55.1
2025-09-01 12:36:00,Branch H,1,116,Success,No,45.0
2025-09-01 12:37:00,Branch G,1,183,Success,No,52.6
2025-09-01 12:38:00,Branch A,1,572,Success,No,44.2
2025-09-01 12:39:00,Branch C,1,84,Success,Yes,51.8
2025-09-01 12:40:00,Branch C,1,146,Success,No,52.3
2025-09-01 12:41:00,Branch F,1,418,Success,No,39.5
2025-09-01 12:42:00,Branch F,1,156,Success,No,42.4
2025-09-01 12:43:00,Branch G,1,93,Success,No,44.7
2025-09-01 12:44:00,Branch F,1,37,Success,No,45.5
2025-09-01 12:45:00,Branch G,0,0,Failed,No,40.5
2025-09-01 12:46:00,Branch C,1,894,Success,Yes,49.5
2025-09-01 12:47:00,Branch F,1,175,Success,No,39.7
2025-09-01 12:48:00,Branch D,1,49,Success,No,40.6
2025-09-01 12:49:00,Branch H,1,154,Success,No,53.1
2025-09-01 12:50:00,Branch J,1,169,Success,No,44.1
2025-09-01 12:51:00,Branch H,1,123,Success,No,49.3
2025-09-01 12:52:00,Branch F,1,89,Success,Yes,46.8
2025-09-01 12:53:00,Branch E,1,33,Success,No,49.4
2025-09-01 12:54:00,Branch I,0,0,Failed,No,43.8
2025-09-01 12:55:00,Branch J,1,92,Success,No,59.8
2025-09-01 12:56:00,Branch H,1,97,Success,No,56.2
2025-09-01 12:57:00,Branch A,1,122,Success,No,57.1
2025-09-01 12:58:00,Branch F,1,82,Success,No,59.7
2025-09-01 12:59:00,Branch A,1,175,Success,No,59.4
2025-09-01 13:00:00,Branch G,1,195,Success,No,61.6
2025-09-01 13:01:00,Branch C,1,159,Success,No,58.5
2025-09-01 13:02:00,Branch G,1,191,Success,No,61.1
2025-09-01 13:03:00,Branch F,1,181,Success,No,72.6
2025-09-01 13:04:00,Branch I,1,181,Success,No,63.9
2025-09-01 13:05:00,Branch C,0,0,Failed,No,71.8
2025-09-01 13:06:00,Branch D,1,45,Success,No,73.4
2025-09-01 13:07:00,Branch I,1,199,Success,Yes,67.4
2025-09-01 13:08:00,Branch J,1,106,Success,No,74.2
2025-09-01 13:09:00,Branch J,1,52,Success,Yes,70.0
2025-09-01 13:10:00,Branch D,0,0,Failed,No,77.0
2025-09-01 13:11:00,Branch H,1,71,Success,No,73.2
2025-09-01 13:12:00,Branch D,1,156,Success,No,70.8
2025-09-01 13:13:00,Branch G,1,117,Success,No,79.5
2025-09-01 13:14:00,Branch C,0,0,Failed,Yes,74.6
2025-09-01 13:15:00,Branch F,1,36,Success,No,69.0
2025-09-01 13:16:00,Branch B,1,79,Success,No,80.2
2025-09-01 13:17:00,Branch B,0,0,Failed,No,73.9
2025-09-01 13:18:00,Branch F,0,0,Failed,No,72.6
2025-09-01 13:19:00,Branch F,1,30,Success,Yes,80.6
2025-09-01 13:20:00,Branch F,1,728,Success,No,67.2
2025-09-01 13:21:00,Branch H,1,11,Success,Yes,67.6
2025-09-01 13:22:00,Branch C,1,196,Success,No,75.6
2025-09-01 13:23:00,Branch D,1,22,Success,No,72.0
2025-09-01 13:24:00,Branch B,1,137,Success,Yes,69.1
2025-09-01 13:25:00,Branch D,1,84,Success,No,63.3
2025-09-01 13:26:00,Branch G,1,750,Success,No,66.5
2025-09-01 13:27:00,Branch I,1,139,Success,No,64.2
2025-09-01 13:28:00,Branch G,0,0,Failed,No,55.4
2025-09-01 13:29:00,Branch B,1,197,Success,No,62.9
2025-09-01 13:30:00,Branch F,1,100,Success,No,54.8
2025-09-01 13:31:00,Branch H,0,0,Failed,No,53.3
2025-09-01 13:32:00,Branch C,1,533,Success,Yes,52.1
2025-09-01 13:33:00,Branch A,1,89,Success,No,56.1
2025-09-01 13:34:00,Branch E,1,175,Success,No,58.4
2025-09-01 13:35:00,Branch F,1,104,Success,No,51.5
2025-09-01 13:36:00,Branch G,1,57,Success,No,58.0
2025-09-01 13:37:00,Branch I,1,31,Success,No,51.6
2025-09-01 13:38:00,Branch C,1,627,Success,No,45.8
2025-09-01 13:39:00,Branch J,1,52,Success,No,40.5
2025-09-01 13:40:00,Branch F,1,121,Success,No,54.2
2025-09-01 13:41:00,Branch B,1,113,Success,No,49.2
2025-09-01 13:42:00,Branch A,1,165,Success,No,39.8
2025-09-01 13:43:00,Branch D,1,103,Success,No,37.8
2025-09-01 13:44:00,Branch C,1,104,Success,No,46.3
2025-09-01 13:45:00,Branch I,1,90,Success,No,38.8
2025-09-01 13:46:00,Branch C,1,109,Success,No,49.5
2025-09-01 13:47:00,Branch H,1,166,Success,No,45.2
2025-09-01 13:48:00,Branch B,1,28,Success,No,44.9
2025-09-01 13:49:00,Branch B,1,91,Success,No,47.1
2025-09-01 13:50:00,Branch E,0,0,Failed,No,50.4
2025-09-01 13:51:00,Branch C,1,140,Success,No,52.5
2025-09-01 13:52:00,Branch D,1,16,Success,No,48.3
2025-09-01 13:53:00,Branch I,1,639,Success,No,53.5
2025-09-01 13:54:00,Branch I,1,114,Success,No,58.7
2025-09-01 13:55:00,Branch B,1,184,Success,No,57.8
2025-09-01 13:56:00,Branch I,1,56,Success,No,53.9
2025-09-01 13:57:00,Branch A,1,142,Success,No,52.5
2025-09-01 13:58:00,Branch D,1,142,Success,No,52.9
2025-09-01 13:59:00,Branch I,1,170,Success,No,58.5
